/*
SQLyog Ultimate v12.08 (64 bit)
MySQL - 5.7.16 : Database - blog
*********************************************************************
*/

/*!40101 SET NAMES utf8 */;

/*!40101 SET SQL_MODE=''*/;

/*!40014 SET @OLD_UNIQUE_CHECKS=@@UNIQUE_CHECKS, UNIQUE_CHECKS=0 */;
/*!40101 SET @OLD_SQL_MODE=@@SQL_MODE, SQL_MODE='NO_AUTO_VALUE_ON_ZERO' */;
/*!40111 SET @OLD_SQL_NOTES=@@SQL_NOTES, SQL_NOTES=0 */;
/*Data for the table `attach` */

/*Data for the table `comment` */

insert  into `comment`(`id`,`username`,`email`,`url`,`content`,`post_id`,`parent_id`,`parent_type`,`ip`,`user_agent`,`remark`,`modified_time`,`created_time`,`yn`) values (190,'11','111','111','11111111111111',515,515,1,NULL,NULL,NULL,'2017-07-10 14:24:49','2017-07-10 14:24:49',1),(191,'fadfadsfdsadf','icgeass@hotmail.com','http://www.sohu.com',NULL,515,190,2,'0:0:0:0:0:0:0:1','Mozilla/5.0 (Windows NT 6.1; Win64; x64) AppleWebKit/537.36 (KHTML, like Gecko) Chrome/58.0.3029.110 Safari/537.36Mozilla/5.0 (Windows NT 6.1; Win64; x64) AppleWebKit/537.36 (KHTML, like Gecko) Chrome/58.0.3029.110 Safari/537.36',NULL,'2017-07-10 15:44:00','2017-07-10 15:18:20',1),(192,'fadfadsfdsadf','icgeass@hotmail.com','http://www.sohu.com',NULL,515,515,1,'0:0:0:0:0:0:0:1','Mozilla/5.0 (Windows NT 6.1; Win64; x64) AppleWebKit/537.36 (KHTML, like Gecko) Chrome/58.0.3029.110 Safari/537.36',NULL,'2017-07-10 15:33:51','2017-07-10 15:33:51',1),(193,'fadfadsfdsadf','icgeass@hotmail.com','http://www.sohu.com',NULL,515,192,2,'0:0:0:0:0:0:0:1','Mozilla/5.0 (Windows NT 6.1; Win64; x64) AppleWebKit/537.36 (KHTML, like Gecko) Chrome/58.0.3029.110 Safari/537.36',NULL,'2017-07-10 15:34:21','2017-07-10 15:34:21',1),(194,'fadfadsfdsadf','icgeass@hotmail.com','http://www.sohu.com',NULL,515,193,2,'0:0:0:0:0:0:0:1','Mozilla/5.0 (Windows NT 6.1; Win64; x64) AppleWebKit/537.36 (KHTML, like Gecko) Chrome/58.0.3029.110 Safari/537.36',NULL,'2017-07-10 15:34:32','2017-07-10 15:34:32',1),(195,'fadfadsfdsadf','icgeass@hotmail.com','http://www.sohu.com',NULL,515,191,2,'0:0:0:0:0:0:0:1','Mozilla/5.0 (Windows NT 6.1; Win64; x64) AppleWebKit/537.36 (KHTML, like Gecko) Chrome/58.0.3029.110 Safari/537.36',NULL,'2017-07-10 15:45:13','2017-07-10 15:45:13',1),(196,'fadfadsfdsadf','icgeass@hotmail.com','http://www.sohu.com','dsffdsdfssdfffffffffffffffffff',515,195,2,'0:0:0:0:0:0:0:1','Mozilla/5.0 (Windows NT 6.1; Win64; x64) AppleWebKit/537.36 (KHTML, like Gecko) Chrome/58.0.3029.110 Safari/537.36',NULL,'2017-07-10 15:47:53','2017-07-10 15:47:53',1),(197,'fadfadsfdsadf','icgeass@hotmail.com','http://www.sohu.com','dskljfdklfjsdklfsd都市客积分克鲁塞德见风使舵dskljfdklfjsdklfsd都市客积分克鲁塞德见风使舵dskljfdklfjsdklfsd都\r\n市客积分克鲁塞德见风使舵dskljfdklfjsdklfsd都市客积分克鲁塞德见风使舵dskljfdklfjsdklfsd都市客积分克鲁塞德见\r\n风使舵dskljfdklfjsdklfsd都市客积分克鲁塞德见风使舵dskljfdklfjsdklfsd都市客积分克鲁塞德见风使舵\r\ndskljfdklfjsdklfsd都市客积分克鲁塞德见风使舵dskljfdklfjsdklfsd都市客积分克鲁塞德见风使舵dskljfdklfjsdklfsd都\r\n市客积分克鲁塞德见风使舵dskljfdklfjsdklfsd都市客积分克鲁塞德见风使舵dskljfdklfjsdklfsd都市客积分克鲁塞德见\r\n风使舵dskljfdklfjsdklfsd都市客积分克鲁塞德见风使舵dskljfdklfjsdklfsd都市客积分克鲁塞德见风使舵\r\ndskljfdklfjsdklfsd都市客积分克鲁塞德见风使舵',515,195,2,'0:0:0:0:0:0:0:1','Mozilla/5.0 (Windows NT 6.1; Win64; x64) AppleWebKit/537.36 (KHTML, like Gecko) Chrome/58.0.3029.110 Safari/537.36',NULL,'2017-07-10 15:50:13','2017-07-10 15:50:13',1),(198,'fadfadsfdsadf','icgeass@hotmail.com','http://www.sohu.com','第三方手动阀第三方',515,197,2,'0:0:0:0:0:0:0:1','Mozilla/5.0 (Windows NT 6.1; Win64; x64) AppleWebKit/537.36 (KHTML, like Gecko) Chrome/58.0.3029.110 Safari/537.36',NULL,'2017-07-10 15:50:20','2017-07-10 15:50:20',1),(199,'fadfadsfdsadf','icgeass@hotmail.com','http://www.sohu.com','第三方第三方',515,198,2,'0:0:0:0:0:0:0:1','Mozilla/5.0 (Windows NT 6.1; Win64; x64) AppleWebKit/537.36 (KHTML, like Gecko) Chrome/58.0.3029.110 Safari/537.36',NULL,'2017-07-10 15:51:18','2017-07-10 15:51:18',1),(200,'fadfadsfdsadf','icgeass@hotmail.com','http://www.sohu.com','但是但是但是但是但是但是但是但是但是但是但是但是但是但是但是但是但是但是但是但是但是但是但是但是但是但\r\n是但是但是但是但是但是但是但是但是但是但是但是但是但是但是但是但是但是但是但是但是但是但是但是但是但是\r\n但是但是但是但是但是但是但是但是但是但是但是但是但是但是但是但是但是但是但是但是但是但是但是但是但是但\r\n是但是但是但是',515,515,1,'0:0:0:0:0:0:0:1','Mozilla/5.0 (Windows NT 6.1; Win64; x64) AppleWebKit/537.36 (KHTML, like Gecko) Chrome/58.0.3029.110 Safari/537.36',NULL,'2017-07-10 15:51:39','2017-07-10 15:51:39',1),(201,'fadfadsfdsadf','icgeass@hotmail.com','http://www.sohu.com','的孙菲菲',515,200,2,'0:0:0:0:0:0:0:1','Mozilla/5.0 (Windows NT 6.1; Win64; x64) AppleWebKit/537.36 (KHTML, like Gecko) Chrome/58.0.3029.110 Safari/537.36',NULL,'2017-07-10 15:51:44','2017-07-10 15:51:44',1),(202,'fadfadsfdsadf','icgeass@hotmail.com','http://www.sohu.com','aaaaaaaaaaaaaaaaaaaaaaaaaaaaaaaaaaaaaaaaaaaaaaaaaaaaaaaaaaaaaaaaaaaaaaaaaaaaaaaaaaaaaaaaaaaaa\r\naaaaaaaaaaaaaaaaaaaaaaaaaaaaaaaaaaaaaaaaaaaaaaaaaaaaaaaaaaaaaaaaaaaaaaaaaaaaaaaaaaaaaaaaaaaaa\r\naaaaaaaaaaaaaaaaaaaaaaaaaaaaaaaaaaaaaaaaaaaaaaaaaaaaaaaaaaaaaaaaaaaaaaaaaaaaaaaaaaaaaaaaaaaaa\r\naaaaaaaaaaaaaaaaaaaaaaaaaaaaaaaaaaaaaaaaaaaaaaaaaaaaaaaaaaaaaaaaaaaaaaaaaaaaaaaaaaaaaaaaaaaaa\r\naaaaaa',515,515,1,'0:0:0:0:0:0:0:1','Mozilla/5.0 (Windows NT 6.1; Win64; x64) AppleWebKit/537.36 (KHTML, like Gecko) Chrome/58.0.3029.110 Safari/537.36',NULL,'2017-07-10 15:52:36','2017-07-10 15:52:36',1),(203,'fadfadsfdsadf','icgeass@hotmail.com','http://www.sohu.com','dsfdf',515,202,2,'0:0:0:0:0:0:0:1','Mozilla/5.0 (Windows NT 6.1; Win64; x64) AppleWebKit/537.36 (KHTML, like Gecko) Chrome/58.0.3029.110 Safari/537.36',NULL,'2017-07-10 15:52:40','2017-07-10 15:52:40',1),(204,'fadfadsfdsadf','icgeass@hotmail.com','http://www.sohu.com','11111111111111111111111111111111111111111111111111111111111111111111111111111111111111111111111111111111111111111111111111111111111111111111111111111111111111111111111111111111111111111111111111111111111111111111111111111111111111111111111111111111111111111111111111111111111111111111111111111111111111111111111111111111111111111111111111111111111111111111111111111111111111111111111111111111111111111111111111111111111111111111111111111111111111111111111111111111111111111111111111111111111111111111111111111111111111111111111111111111111111111111111111111111111111111111111111111111111111111111111111111111111111111111111111111',515,515,1,'0:0:0:0:0:0:0:1','Mozilla/5.0 (Windows NT 6.1; Win64; x64) AppleWebKit/537.36 (KHTML, like Gecko) Chrome/58.0.3029.110 Safari/537.36',NULL,'2017-07-10 16:10:24','2017-07-10 16:10:24',1),(205,'fadfadsfdsadf','icgeass@hotmail.com','http://www.sohu.com','22222222222',515,204,2,'0:0:0:0:0:0:0:1','Mozilla/5.0 (Windows NT 6.1; Win64; x64) AppleWebKit/537.36 (KHTML, like Gecko) Chrome/58.0.3029.110 Safari/537.36',NULL,'2017-07-10 16:11:26','2017-07-10 16:11:26',1),(206,'fadfadsfdsadf','icgeass@hotmail.com','http://www.sohu.com','sadsadasd',515,515,1,'0:0:0:0:0:0:0:1','Mozilla/5.0 (Windows NT 6.1; Win64; x64) AppleWebKit/537.36 (KHTML, like Gecko) Chrome/58.0.3029.110 Safari/537.36',NULL,'2017-07-10 17:07:10','2017-07-10 17:07:10',1),(207,'fadfadsfdsadf','icgeass@hotmail.com','http://www.sohu.com','ddddd',517,517,1,'0:0:0:0:0:0:0:1','Mozilla/5.0 (Windows NT 6.1; Win64; x64) AppleWebKit/537.36 (KHTML, like Gecko) Chrome/58.0.3029.110 Safari/537.36',NULL,'2017-07-10 18:03:09','2017-07-10 18:03:09',1),(208,'fadfadsfdsadf','icgeass@hotmail.com','http://www.sohu.com','fffffffffffffffffffffffffffffffffffffffffffffffffffffffffffffffffffffffffffffffffffffffffffffffffffffffffffffffffffffffffffffffffffffffffffffffffffffffffffffffffffffffffffffffffffffffffffffffffffffffffff',517,207,2,'0:0:0:0:0:0:0:1','Mozilla/5.0 (Windows NT 6.1; Win64; x64) AppleWebKit/537.36 (KHTML, like Gecko) Chrome/58.0.3029.110 Safari/537.36',NULL,'2017-07-10 18:03:23','2017-07-10 18:03:23',1),(209,'fadfadsfdsadf','icgeass@hotmail.com','http://www.sohu.com','aaaaaaaaa',517,208,2,'0:0:0:0:0:0:0:1','Mozilla/5.0 (Windows NT 6.1; Win64; x64) AppleWebKit/537.36 (KHTML, like Gecko) Chrome/58.0.3029.110 Safari/537.36',NULL,'2017-07-10 18:03:31','2017-07-10 18:03:31',1);

/*Data for the table `dict` */

insert  into `dict`(`id`,`dict_type`,`dict_key`,`dict_value`,`dict_desc`,`remark`,`modified_time`,`created_time`,`yn`) values (7,1,'bbbbb','dsfaedgereh',NULL,NULL,'2017-07-10 14:32:42','2017-07-10 14:23:11',1),(8,2,'saaaaa','dsfasdfsdf',NULL,NULL,'2017-07-10 14:32:42','2017-07-10 14:23:12',1),(9,2,'ccccccc','dfafdsd',NULL,NULL,'2017-07-10 14:32:44','2017-07-10 14:23:22',1),(10,3,'https://www.youtube.com','YouTube',NULL,NULL,'2017-07-10 17:30:18','2017-07-10 17:30:18',1),(11,4,'1','2015.06-域名完成国内备案，开始使用又拍云CDN加速服务，并开启全站https访问',NULL,NULL,'2017-07-10 18:29:29','2017-07-10 18:28:18',1),(12,4,'2','2015.06-域名完成国内备案，开始使用又拍云CDN加速服务，并开启全站https访问',NULL,NULL,'2017-07-10 18:29:29','2017-07-10 18:28:35',1),(13,4,'3','2015.06-域名完成国内备案，开始使用又拍云CDN加速服务，并开启全站https访问',NULL,NULL,'2017-07-10 18:29:30','2017-07-10 18:28:36',1),(14,4,'11','2015.06-域名完成国内备案，开始使用又拍云CDN加速服务，并开启全站https访问',NULL,NULL,'2017-07-10 18:32:01','2017-07-10 18:28:43',1),(15,4,'5','2015.06-域名完成国内备案，开始使用又拍云CDN加速服务，并开启全站https访问',NULL,NULL,'2017-07-10 18:29:36','2017-07-10 18:28:44',1),(16,4,'6','2015.06-域名完成国内备案，开始使用又拍云CDN加速服务，并开启全站https访问',NULL,NULL,'2017-07-10 18:29:36','2017-07-10 18:28:45',1),(17,4,'7','2015.06-域名完成国内备案，开始使用又拍云CDN加速服务，并开启全站https访问',NULL,NULL,'2017-07-10 18:29:39','2017-07-10 18:28:47',1),(18,5,'github','icgeass',NULL,NULL,'2017-07-10 19:52:37','2017-07-10 19:03:53',1),(19,5,'weibo','6zeroq',NULL,NULL,'2017-07-10 20:10:09','2017-07-10 19:03:55',1),(20,5,'twitter','icgeass',NULL,NULL,'2017-07-10 19:52:45','2017-07-10 19:03:56',1),(21,6,'email','icgeass@hotmail.com',NULL,NULL,'2017-07-10 19:54:44','2017-07-10 19:51:28',1),(22,6,'username','icgeass',NULL,NULL,'2017-07-10 19:54:27','2017-07-10 19:51:35',1);

/*Data for the table `meta` */

/*Data for the table `post` */

insert  into `post`(`id`,`title`,`username`,`content`,`post_type`,`status`,`comment_count`,`view_count`,`remark`,`modified_time`,`created_time`,`yn`) values (515,'1','1111','1111',1,2,27,111,'231123123','2017-07-10 17:07:10','2017-07-10 14:22:10',1),(517,'2','dsf','dsf',2,2,4,1,'12121212','2017-07-10 18:03:31','2017-07-10 17:16:55',1);

/*Data for the table `relation` */

insert  into `relation`(`id`,`type`,`parent_id`,`child_id`,`remark`,`modified_time`,`created_time`,`yn`) values (4,1,'515','8',NULL,'2017-07-10 14:23:58','2017-07-10 14:22:42',1),(5,2,'515','7',NULL,'2017-07-10 14:23:56','2017-07-10 14:22:44',1),(6,1,'515','9',NULL,'2017-07-10 14:24:01','2017-07-10 14:22:46',1);

/*!40101 SET SQL_MODE=@OLD_SQL_MODE */;
/*!40014 SET UNIQUE_CHECKS=@OLD_UNIQUE_CHECKS */;
/*!40111 SET SQL_NOTES=@OLD_SQL_NOTES */;
