/*
SQLyog Ultimate v12.08 (64 bit)
MySQL - 5.7.16 : Database - blog
*********************************************************************
*/

/*!40101 SET NAMES utf8 */;

/*!40101 SET SQL_MODE=''*/;

/*!40014 SET @OLD_UNIQUE_CHECKS=@@UNIQUE_CHECKS, UNIQUE_CHECKS=0 */;
/*!40101 SET @OLD_SQL_MODE=@@SQL_MODE, SQL_MODE='NO_AUTO_VALUE_ON_ZERO' */;
/*!40111 SET @OLD_SQL_NOTES=@@SQL_NOTES, SQL_NOTES=0 */;
/*Data for the table `attach` */

/*Data for the table `comment` */

insert  into `comment`(`id`,`username`,`email`,`url`,`content`,`post_id`,`parent_id`,`parent_type`,`ip`,`user_agent`,`remark`,`modified_time`,`created_time`,`yn`) values (190,'11','111','111','11111111111111',515,515,1,NULL,NULL,NULL,'2017-07-10 14:24:49','2017-07-10 14:24:49',1),(191,'fadfadsfdsadf','icgeass@hotmail.com','http://www.sohu.com',NULL,515,190,2,'0:0:0:0:0:0:0:1','Mozilla/5.0 (Windows NT 6.1; Win64; x64) AppleWebKit/537.36 (KHTML, like Gecko) Chrome/58.0.3029.110 Safari/537.36Mozilla/5.0 (Windows NT 6.1; Win64; x64) AppleWebKit/537.36 (KHTML, like Gecko) Chrome/58.0.3029.110 Safari/537.36',NULL,'2017-07-10 15:44:00','2017-07-10 15:18:20',1),(192,'fadfadsfdsadf','icgeass@hotmail.com','http://www.sohu.com',NULL,515,515,1,'0:0:0:0:0:0:0:1','Mozilla/5.0 (Windows NT 6.1; Win64; x64) AppleWebKit/537.36 (KHTML, like Gecko) Chrome/58.0.3029.110 Safari/537.36',NULL,'2017-07-10 15:33:51','2017-07-10 15:33:51',1),(193,'fadfadsfdsadf','icgeass@hotmail.com','http://www.sohu.com',NULL,515,192,2,'0:0:0:0:0:0:0:1','Mozilla/5.0 (Windows NT 6.1; Win64; x64) AppleWebKit/537.36 (KHTML, like Gecko) Chrome/58.0.3029.110 Safari/537.36',NULL,'2017-07-10 15:34:21','2017-07-10 15:34:21',1),(194,'fadfadsfdsadf','icgeass@hotmail.com','http://www.sohu.com',NULL,515,193,2,'0:0:0:0:0:0:0:1','Mozilla/5.0 (Windows NT 6.1; Win64; x64) AppleWebKit/537.36 (KHTML, like Gecko) Chrome/58.0.3029.110 Safari/537.36',NULL,'2017-07-10 15:34:32','2017-07-10 15:34:32',1),(195,'fadfadsfdsadf','icgeass@hotmail.com','http://www.sohu.com',NULL,515,191,2,'0:0:0:0:0:0:0:1','Mozilla/5.0 (Windows NT 6.1; Win64; x64) AppleWebKit/537.36 (KHTML, like Gecko) Chrome/58.0.3029.110 Safari/537.36',NULL,'2017-07-10 15:45:13','2017-07-10 15:45:13',1),(196,'fadfadsfdsadf','icgeass@hotmail.com','http://www.sohu.com','dsffdsdfssdfffffffffffffffffff',515,195,2,'0:0:0:0:0:0:0:1','Mozilla/5.0 (Windows NT 6.1; Win64; x64) AppleWebKit/537.36 (KHTML, like Gecko) Chrome/58.0.3029.110 Safari/537.36',NULL,'2017-07-10 15:47:53','2017-07-10 15:47:53',1),(197,'fadfadsfdsadf','icgeass@hotmail.com','http://www.sohu.com','dskljfdklfjsdklfsd都市客积分克鲁塞德见风使舵dskljfdklfjsdklfsd都市客积分克鲁塞德见风使舵dskljfdklfjsdklfsd都\r\n市客积分克鲁塞德见风使舵dskljfdklfjsdklfsd都市客积分克鲁塞德见风使舵dskljfdklfjsdklfsd都市客积分克鲁塞德见\r\n风使舵dskljfdklfjsdklfsd都市客积分克鲁塞德见风使舵dskljfdklfjsdklfsd都市客积分克鲁塞德见风使舵\r\ndskljfdklfjsdklfsd都市客积分克鲁塞德见风使舵dskljfdklfjsdklfsd都市客积分克鲁塞德见风使舵dskljfdklfjsdklfsd都\r\n市客积分克鲁塞德见风使舵dskljfdklfjsdklfsd都市客积分克鲁塞德见风使舵dskljfdklfjsdklfsd都市客积分克鲁塞德见\r\n风使舵dskljfdklfjsdklfsd都市客积分克鲁塞德见风使舵dskljfdklfjsdklfsd都市客积分克鲁塞德见风使舵\r\ndskljfdklfjsdklfsd都市客积分克鲁塞德见风使舵',515,195,2,'0:0:0:0:0:0:0:1','Mozilla/5.0 (Windows NT 6.1; Win64; x64) AppleWebKit/537.36 (KHTML, like Gecko) Chrome/58.0.3029.110 Safari/537.36',NULL,'2017-07-10 15:50:13','2017-07-10 15:50:13',1),(198,'fadfadsfdsadf','icgeass@hotmail.com','http://www.sohu.com','第三方手动阀第三方',515,197,2,'0:0:0:0:0:0:0:1','Mozilla/5.0 (Windows NT 6.1; Win64; x64) AppleWebKit/537.36 (KHTML, like Gecko) Chrome/58.0.3029.110 Safari/537.36',NULL,'2017-07-10 15:50:20','2017-07-10 15:50:20',1),(199,'fadfadsfdsadf','icgeass@hotmail.com','http://www.sohu.com','第三方第三方',515,198,2,'0:0:0:0:0:0:0:1','Mozilla/5.0 (Windows NT 6.1; Win64; x64) AppleWebKit/537.36 (KHTML, like Gecko) Chrome/58.0.3029.110 Safari/537.36',NULL,'2017-07-10 15:51:18','2017-07-10 15:51:18',1),(200,'fadfadsfdsadf','icgeass@hotmail.com','http://www.sohu.com','但是但是但是但是但是但是但是但是但是但是但是但是但是但是但是但是但是但是但是但是但是但是但是但是但是但\r\n是但是但是但是但是但是但是但是但是但是但是但是但是但是但是但是但是但是但是但是但是但是但是但是但是但是\r\n但是但是但是但是但是但是但是但是但是但是但是但是但是但是但是但是但是但是但是但是但是但是但是但是但是但\r\n是但是但是但是',515,515,1,'0:0:0:0:0:0:0:1','Mozilla/5.0 (Windows NT 6.1; Win64; x64) AppleWebKit/537.36 (KHTML, like Gecko) Chrome/58.0.3029.110 Safari/537.36',NULL,'2017-07-10 15:51:39','2017-07-10 15:51:39',1),(201,'fadfadsfdsadf','icgeass@hotmail.com','http://www.sohu.com','的孙菲菲',515,200,2,'0:0:0:0:0:0:0:1','Mozilla/5.0 (Windows NT 6.1; Win64; x64) AppleWebKit/537.36 (KHTML, like Gecko) Chrome/58.0.3029.110 Safari/537.36',NULL,'2017-07-10 15:51:44','2017-07-10 15:51:44',1),(202,'fadfadsfdsadf','icgeass@hotmail.com','http://www.sohu.com','aaaaaaaaaaaaaaaaaaaaaaaaaaaaaaaaaaaaaaaaaaaaaaaaaaaaaaaaaaaaaaaaaaaaaaaaaaaaaaaaaaaaaaaaaaaaa\r\naaaaaaaaaaaaaaaaaaaaaaaaaaaaaaaaaaaaaaaaaaaaaaaaaaaaaaaaaaaaaaaaaaaaaaaaaaaaaaaaaaaaaaaaaaaaa\r\naaaaaaaaaaaaaaaaaaaaaaaaaaaaaaaaaaaaaaaaaaaaaaaaaaaaaaaaaaaaaaaaaaaaaaaaaaaaaaaaaaaaaaaaaaaaa\r\naaaaaaaaaaaaaaaaaaaaaaaaaaaaaaaaaaaaaaaaaaaaaaaaaaaaaaaaaaaaaaaaaaaaaaaaaaaaaaaaaaaaaaaaaaaaa\r\naaaaaa',515,515,1,'0:0:0:0:0:0:0:1','Mozilla/5.0 (Windows NT 6.1; Win64; x64) AppleWebKit/537.36 (KHTML, like Gecko) Chrome/58.0.3029.110 Safari/537.36',NULL,'2017-07-10 15:52:36','2017-07-10 15:52:36',1),(203,'fadfadsfdsadf','icgeass@hotmail.com','http://www.sohu.com','dsfdf',515,202,2,'0:0:0:0:0:0:0:1','Mozilla/5.0 (Windows NT 6.1; Win64; x64) AppleWebKit/537.36 (KHTML, like Gecko) Chrome/58.0.3029.110 Safari/537.36',NULL,'2017-07-10 15:52:40','2017-07-10 15:52:40',1),(204,'fadfadsfdsadf','icgeass@hotmail.com','http://www.sohu.com','11111111111111111111111111111111111111111111111111111111111111111111111111111111111111111111111111111111111111111111111111111111111111111111111111111111111111111111111111111111111111111111111111111111111111111111111111111111111111111111111111111111111111111111111111111111111111111111111111111111111111111111111111111111111111111111111111111111111111111111111111111111111111111111111111111111111111111111111111111111111111111111111111111111111111111111111111111111111111111111111111111111111111111111111111111111111111111111111111111111111111111111111111111111111111111111111111111111111111111111111111111111111111111111111111111',515,515,1,'0:0:0:0:0:0:0:1','Mozilla/5.0 (Windows NT 6.1; Win64; x64) AppleWebKit/537.36 (KHTML, like Gecko) Chrome/58.0.3029.110 Safari/537.36',NULL,'2017-07-10 16:10:24','2017-07-10 16:10:24',1),(205,'fadfadsfdsadf','icgeass@hotmail.com','http://www.sohu.com','22222222222',515,204,2,'0:0:0:0:0:0:0:1','Mozilla/5.0 (Windows NT 6.1; Win64; x64) AppleWebKit/537.36 (KHTML, like Gecko) Chrome/58.0.3029.110 Safari/537.36',NULL,'2017-07-10 16:11:26','2017-07-10 16:11:26',1),(206,'fadfadsfdsadf','icgeass@hotmail.com','http://www.sohu.com','sadsadasd',515,515,1,'0:0:0:0:0:0:0:1','Mozilla/5.0 (Windows NT 6.1; Win64; x64) AppleWebKit/537.36 (KHTML, like Gecko) Chrome/58.0.3029.110 Safari/537.36',NULL,'2017-07-10 17:07:10','2017-07-10 17:07:10',1),(207,'fadfadsfdsadf','icgeass@hotmail.com','http://www.sohu.com','ddddd',517,517,1,'0:0:0:0:0:0:0:1','Mozilla/5.0 (Windows NT 6.1; Win64; x64) AppleWebKit/537.36 (KHTML, like Gecko) Chrome/58.0.3029.110 Safari/537.36',NULL,'2017-07-10 18:03:09','2017-07-10 18:03:09',1),(208,'fadfadsfdsadf','icgeass@hotmail.com','http://www.sohu.com','fffffffffffffffffffffffffffffffffffffffffffffffffffffffffffffffffffffffffffffffffffffffffffffffffffffffffffffffffffffffffffffffffffffffffffffffffffffffffffffffffffffffffffffffffffffffffffffffffffffffffff',517,207,2,'0:0:0:0:0:0:0:1','Mozilla/5.0 (Windows NT 6.1; Win64; x64) AppleWebKit/537.36 (KHTML, like Gecko) Chrome/58.0.3029.110 Safari/537.36',NULL,'2017-07-10 18:03:23','2017-07-10 18:03:23',1),(209,'fadfadsfdsadf','icgeass@hotmail.com','http://www.sohu.com','aaaaaaaaa',517,208,2,'0:0:0:0:0:0:0:1','Mozilla/5.0 (Windows NT 6.1; Win64; x64) AppleWebKit/537.36 (KHTML, like Gecko) Chrome/58.0.3029.110 Safari/537.36',NULL,'2017-07-10 18:03:31','2017-07-10 18:03:31',1);

/*Data for the table `dict` */

insert  into `dict`(`id`,`dict_type`,`dict_key`,`dict_value`,`dict_desc`,`remark`,`modified_time`,`created_time`,`yn`) values (7,1,'bbbbb','dsfaedgereh',NULL,NULL,'2017-07-10 14:32:42','2017-07-10 14:23:11',1),(8,2,'saaaaa','dsfasdfsdf',NULL,NULL,'2017-07-10 14:32:42','2017-07-10 14:23:12',1),(9,2,'ccccccc','dfafdsd',NULL,NULL,'2017-07-10 14:32:44','2017-07-10 14:23:22',1),(10,3,'https://www.youtube.com','YouTube',NULL,NULL,'2017-07-10 17:30:18','2017-07-10 17:30:18',1),(11,4,'1','2015.06-域名完成国内备案，开始使用又拍云CDN加速服务，并开启全站https访问',NULL,NULL,'2017-07-10 18:29:29','2017-07-10 18:28:18',1),(12,4,'2','2015.06-域名完成国内备案，开始使用又拍云CDN加速服务，并开启全站https访问',NULL,NULL,'2017-07-10 18:29:29','2017-07-10 18:28:35',1),(13,4,'3','2015.06-域名完成国内备案，开始使用又拍云CDN加速服务，并开启全站https访问',NULL,NULL,'2017-07-10 18:29:30','2017-07-10 18:28:36',1),(14,4,'11','2015.06-域名完成国内备案，开始使用又拍云CDN加速服务，并开启全站https访问',NULL,NULL,'2017-07-10 18:32:01','2017-07-10 18:28:43',1),(15,4,'5','2015.06-域名完成国内备案，开始使用又拍云CDN加速服务，并开启全站https访问',NULL,NULL,'2017-07-10 18:29:36','2017-07-10 18:28:44',1),(16,4,'6','2015.06-域名完成国内备案，开始使用又拍云CDN加速服务，并开启全站https访问',NULL,NULL,'2017-07-10 18:29:36','2017-07-10 18:28:45',1),(17,4,'7','2015.06-域名完成国内备案，开始使用又拍云CDN加速服务，并开启全站https访问',NULL,NULL,'2017-07-10 18:29:39','2017-07-10 18:28:47',1),(18,5,'github','icgeass',NULL,NULL,'2017-07-10 19:52:37','2017-07-10 19:03:53',1),(19,5,'weibo','6zeroq',NULL,NULL,'2017-07-10 20:10:09','2017-07-10 19:03:55',1),(20,5,'twitter','icgeass',NULL,NULL,'2017-07-10 19:52:45','2017-07-10 19:03:56',1),(21,6,'email','icgeass@hotmail.com',NULL,NULL,'2017-07-10 19:54:44','2017-07-10 19:51:28',1),(22,6,'username','icgeass',NULL,NULL,'2017-07-10 19:54:27','2017-07-10 19:51:35',1),(23,6,'title','title1111',NULL,NULL,'2017-07-11 10:11:07','2017-07-10 20:21:02',1),(24,6,'subtitle','subtitle111111',NULL,NULL,'2017-07-11 10:11:19','2017-07-10 20:21:06',1),(25,6,'atomUri','/atom.xml',NULL,NULL,'2017-07-11 10:12:38','2017-07-10 20:22:39',1),(26,6,'url','https://6zeroq.com',NULL,NULL,'2017-07-10 20:27:02','2017-07-10 20:22:46',1),(33,6,'tagUrlPrefix','https://6zeroq.com/tags',NULL,NULL,'2017-07-11 10:14:58','2017-07-11 10:14:32',1),(34,6,'categoryUrlPrefix','https://6zeroq.com/category',NULL,NULL,'2017-07-11 10:15:01','2017-07-11 10:14:49',1),(35,6,'postUrlPrefix','https://6zeroq.com/post/show',NULL,NULL,'2017-07-11 10:32:49','2017-07-11 10:26:48',1);

/*Data for the table `meta` */

/*Data for the table `post` */

insert  into `post`(`id`,`title`,`username`,`content`,`post_type`,`status`,`comment_count`,`view_count`,`remark`,`modified_time`,`created_time`,`yn`) values (515,'1','1111','1111',1,2,27,111,'231123123','2017-07-10 17:07:10','2017-07-10 14:22:10',1),(517,'2','dsf','Ttorrent, a Java implementation of the BitTorrent protocol\r\n==========================================================\r\n\r\n[![Build Status](https://travis-ci.org/mpetazzoni/ttorrent.png)](https://travis-ci.org/mpetazzoni/ttorrent)\r\n\r\nDescription\r\n-----------\r\n\r\n**Ttorrent** is a pure-Java implementation of the BitTorrent protocol,\r\nproviding a BitTorrent tracker, a BitTorrent client and the related Torrent\r\nmetainfo files creation and parsing capabilities. It is designed to be embedded\r\ninto larger applications, but its components can also be used as standalone\r\nprograms.\r\n\r\nTtorrent supports the following BEPs (BitTorrent enhancement proposals):\r\n\r\n* `BEP#0003`: The BitTorrent protocol specification  \r\n  This is the base official protocol specification, which Ttorrent implements\r\n  fully.\r\n* `BEP#0012`: Multi-tracker metadata extension  \r\n  Full support for the `announce-list` meta-info key providing a tiered tracker\r\n  list.\r\n* `BEP#0015`: UDP Tracker Protocol for BitTorrent  \r\n  The UDP tracker protocol is fully supported in the BitTorrent client to make\r\n  announce requests to UDP trackers. UDP tracker support itself is planned.\r\n* `BEP#0020`: Peer ID conventions  \r\n  Ttorrent uses `TO` as the client identification string, and currently uses\r\n  the `-T00042-` client ID prefix.\r\n* `BEP#0023`: Tracker Returns Compact Peer Lists  \r\n  Compact peer lists are supported in both the client and the tracker.\r\n  Currently the tracker only supports sending back compact peer lists\r\n  to an announce request.\r\n\r\nHistory\r\n-------\r\n\r\nThis tool suite was implemented as part of Turn\'s (http://www.turn.com) release\r\ndistribution and deployment system and is used to distribute new build tarballs\r\nto a large number of machines inside a datacenter as efficiently as possible.\r\nAt the time this project was started, few Java implementations of the\r\nBitTorrent protocol existed and unfortunately none of them fit our needs:\r\n\r\n* Vuze\'s, which is very hard to extract from their codebase, and thus complex\r\nto re-integrate into another application;\r\n* torrent4j, which is largely incomplete and not usable;\r\n* Snark\'s, which is old, and unfortunately unstable;\r\n* bitext, which was also unfortunately unstable, and extremely slow.\r\n\r\nThis implementation aims at providing a down-to-earth, simple to use library.\r\nNo fancy protocol extensions are implemented here: just the basics that allows\r\nfor the exchange and distribution of files through the BitTorrent protocol.\r\n\r\nAlthough the write performance of the BitTorrent client is currently quite poor\r\n(~10MB/sec/connected peer), it has been measured that the distribution of a\r\n150MB file to thousands of machines across several datacenters took no more\r\nthan 30 seconds, with very little network overhead for the initial seeder (only\r\n125% of the original file size uploaded by the initial seeder).\r\n\r\n\r\nHow to use\r\n----------\r\n\r\n### As standalone programs\r\n\r\nThe client, tracker and torrent file manipulation utilities will all present a\r\nusage message on the console when invoked with the ``-h`` command-line flag.\r\n\r\n### As a library\r\n\r\nTo use ``ttorrent`` is a library in your project, all you need is to\r\ndeclare the dependency on the latest version of ``ttorrent``. For\r\nexample, if you use Maven, add the following in your POM\'s dependencies\r\nsection:\r\n\r\n```xml\r\n  <dependencies>\r\n    ...\r\n    <dependency>\r\n      <groupId>com.turn</groupId>\r\n      <artifactId>ttorrent-core</artifactId>\r\n      <version>1.5</version>\r\n    </dependency>\r\n  </dependencies>\r\n```\r\n\r\nIf you use Gradle, you\'ll need a line that looks like this instead:\r\n\r\n```\r\ncompile \'com.turn:ttorrent-core:1.5\'\r\n```\r\n\r\n*Thanks to Anatoli Vladev for the code examples in #16.*\r\n\r\n#### Client code\r\n\r\n```java\r\n// First, instantiate the Client object.\r\nClient client = new Client(\r\n  // This is the interface the client will listen on (you might need something\r\n  // else than localhost here).\r\n  InetAddress.getLocalHost(),\r\n\r\n  // Load the torrent from the torrent file and use the given\r\n  // output directory. Partials downloads are automatically recovered.\r\n  SharedTorrent.fromFile(\r\n    new File(\"/path/to/your.torrent\"),\r\n    new File(\"/path/to/output/directory\")));\r\n\r\n// You can optionally set download/upload rate limits\r\n// in kB/second. Setting a limit to 0.0 disables rate\r\n// limits.\r\nclient.setMaxDownloadRate(50.0);\r\nclient.setMaxUploadRate(50.0);\r\n\r\n// At this point, can you either call download() to download the torrent and\r\n// stop immediately after...\r\nclient.download();\r\n\r\n// Or call client.share(...) with a seed time in seconds:\r\n// client.share(3600);\r\n// Which would seed the torrent for an hour after the download is complete.\r\n\r\n// Downloading and seeding is done in background threads.\r\n// To wait for this process to finish, call:\r\nclient.waitForCompletion();\r\n\r\n// At any time you can call client.stop() to interrupt the download.\r\n```\r\n\r\n#### Tracker code\r\n\r\n```java\r\n// First, instantiate a Tracker object with the port you want it to listen on.\r\n// The default tracker port recommended by the BitTorrent protocol is 6969.\r\nTracker tracker = new Tracker(new InetSocketAddress(6969));\r\n\r\n// Then, for each torrent you wish to announce on this tracker, simply created\r\n// a TrackedTorrent object and pass it to the tracker.announce() method:\r\nFilenameFilter filter = new FilenameFilter() {\r\n  @Override\r\n  public boolean accept(File dir, String name) {\r\n    return name.endsWith(\".torrent\");\r\n  }\r\n};\r\n\r\nfor (File f : new File(\"/path/to/torrent/files\").listFiles(filter)) {\r\n  tracker.announce(TrackedTorrent.load(f));\r\n}\r\n\r\n// Once done, you just have to start the tracker\'s main operation loop:\r\ntracker.start();\r\n\r\n// You can stop the tracker when you\'re done with:\r\ntracker.stop();\r\n```\r\n\r\n### Track download progress\r\n\r\nYou can track the progress of the download and the state of the torrent\r\nby registering an `Observer` on your `Client` instance. The observer is\r\nupdated every time a piece of the download completes:\r\n\r\n```java\r\nclient.addObserver(new Observer() {\r\n  @Override\r\n  public void update(Observable observable, Object data) {\r\n    Client client = (Client) observable;\r\n    float progress = client.getTorrent().getCompletion();\r\n    // Do something with progress.\r\n  }\r\n});\r\n```\r\n\r\nLicense\r\n-------\r\n\r\nThis BitTorrent library is distributed under the terms of the Apache Software\r\nLicense version 2.0. See COPYING file for more details.\r\n\r\n\r\nAuthors and contributors\r\n------------------------\r\n\r\n* Maxime Petazzoni <<maxime.petazzoni@bulix.org>> (Software Engineer at SignalFuse, Inc)  \r\n  Original author, main developer and maintainer\r\n* David Giffin <<david@etsy.com>>  \r\n  Contributed parallel hashing and multi-file torrent support.\r\n* Thomas Zink <<thomas.zink@uni-konstanz.de>>  \r\n  Fixed a piece length computation issue when the total torrent size is an\r\n  exact multiple of the piece size.\r\n* Johan Parent <<parent\\_johan@yahoo.com>>  \r\n  Fixed a bug in unfresh peer collection and issues on download completion on\r\n  Windows platforms.\r\n* Dmitriy Dumanskiy  \r\n  Contributed the switch from Ant to Maven.\r\n* Alexey Ptashniy  \r\n  Fixed an integer overflow in the calculation of a torrent\'s full size.\r\n\r\nAnd many other helpful contributors on GitHub! Thanks to all of you.\r\n\r\nCaveats\r\n-------\r\n\r\n* Client write performance is a bit poor, mainly due to a (too?) simple piece\r\n  caching algorithm.\r\n\r\nContributions are welcome in all areas, even more so for these few points\r\nabove!',1,2,4,1,'12121212','2017-07-11 10:54:27','2017-07-10 17:16:55',1),(518,'2313','43432','234342234234234234',1,2,342,234,'234234','2017-07-11 10:54:13','2017-07-11 10:53:11',1),(519,'dsfds','fdfs','dfsfads',2,2,222,2222,'222','2017-07-11 10:54:20','2017-07-11 10:54:12',1);

/*Data for the table `relation` */

insert  into `relation`(`id`,`type`,`parent_id`,`child_id`,`remark`,`modified_time`,`created_time`,`yn`) values (4,1,'515','8',NULL,'2017-07-10 14:23:58','2017-07-10 14:22:42',1),(5,2,'515','7',NULL,'2017-07-10 14:23:56','2017-07-10 14:22:44',1),(6,1,'515','9',NULL,'2017-07-10 14:24:01','2017-07-10 14:22:46',1),(7,2,'517','7',NULL,'2017-07-11 10:56:00','2017-07-11 10:56:00',1);

/*!40101 SET SQL_MODE=@OLD_SQL_MODE */;
/*!40014 SET UNIQUE_CHECKS=@OLD_UNIQUE_CHECKS */;
/*!40111 SET SQL_NOTES=@OLD_SQL_NOTES */;
